necolas,react-native-web,https://github.com/necolas/react-native-web.git,20295,1738,downloaded
expo,create-react-native-app,https://github.com/expo/create-react-native-app.git,13036,1437,downloaded
devhubapp,devhub,https://github.com/devhubapp/devhub.git,8494,716,downloaded
Flipkart,recyclerlistview,https://github.com/Flipkart/recyclerlistview.git,4590,386,downloaded
tamagui,tamagui,https://github.com/tamagui/tamagui.git,2614,59,downloaded
expo,expo-cli,https://github.com/expo/expo-cli.git,2328,456,downloaded
nachos-ui,nachos-ui,https://github.com/nachos-ui/nachos-ui.git,2049,138,downloaded
mmazzarolo,react-native-universal-monorepo,https://github.com/mmazzarolo/react-native-universal-monorepo.git,1471,107,downloaded
expo,examples,https://github.com/expo/examples.git,1339,688,downloaded
marklawlor,nativewind,https://github.com/marklawlor/nativewind.git,1046,41,downloaded
ammarahm-ed,react-native-actions-sheet,https://github.com/ammarahm-ed/react-native-actions-sheet.git,942,85,downloaded
brunolemos,react-native-web-monorepo,https://github.com/brunolemos/react-native-web-monorepo.git,854,182,downloaded
react-native-community,directory,https://github.com/react-native-community/directory.git,684,323,downloaded
obipawan,react-native-hyperlink,https://github.com/obipawan/react-native-hyperlink.git,684,78,downloaded
calebnance,expo-spotify,https://github.com/calebnance/expo-spotify.git,458,88,downloaded
web-ridge,react-native-paper-dates,https://github.com/web-ridge/react-native-paper-dates.git,407,77,downloaded
cawfree,create-react-native-dapp,https://github.com/cawfree/create-react-native-dapp.git,393,57,downloaded
arnnis,react-native-toast-notifications,https://github.com/arnnis/react-native-toast-notifications.git,382,60,downloaded
VincentCATILLON,react-native-confetti-cannon,https://github.com/VincentCATILLON/react-native-confetti-cannon.git,355,54,downloaded
showtime-xyz,showtime-frontend,https://github.com/showtime-xyz/showtime-frontend.git,338,41,downloaded
orYoffe,create-react-native-web-app,https://github.com/orYoffe/create-react-native-web-app.git,324,47,downloaded
EvanBacon,pillar-valley,https://github.com/EvanBacon/pillar-valley.git,287,47,downloaded
EvanBacon,Instagram,https://github.com/EvanBacon/Instagram.git,280,44,downloaded
slorber,gatsby-plugin-react-native-web,https://github.com/slorber/gatsby-plugin-react-native-web.git,273,30,downloaded
axeldelafosse,expo-next-monorepo-example,https://github.com/axeldelafosse/expo-next-monorepo-example.git,260,57,downloaded
newsuk,times-components,https://github.com/newsuk/times-components.git,250,37,downloaded
EvanBacon,AWESOME-REACT-NATIVE-WEB,https://github.com/EvanBacon/AWESOME-REACT-NATIVE-WEB.git,235,19,downloaded
acro5piano,react-native-big-calendar,https://github.com/acro5piano/react-native-big-calendar.git,231,96,downloaded
kiwicom,margarita,https://github.com/kiwicom/margarita.git,207,36,downloaded
miblanchard,react-native-slider,https://github.com/miblanchard/react-native-slider.git,192,44,downloaded
EvanBacon,react-native-web-hooks,https://github.com/EvanBacon/react-native-web-hooks.git,190,11,downloaded
godaddy,svgs,https://github.com/godaddy/svgs.git,188,30,downloaded
reactrondev,react-native-web-swiper,https://github.com/reactrondev/react-native-web-swiper.git,185,44,downloaded
vitalybe,ReactNativeUniversal,https://github.com/vitalybe/ReactNativeUniversal.git,178,14,downloaded
EvanBacon,expo-dark-mode-switch,https://github.com/EvanBacon/expo-dark-mode-switch.git,150,11,downloaded
brandingbrand,flagship,https://github.com/brandingbrand/flagship.git,147,131,downloaded
igravitystudios,matchimals.fun,https://github.com/igravitystudios/matchimals.fun.git,135,26,downloaded
thomas-coldwell,expo-image-editor,https://github.com/thomas-coldwell/expo-image-editor.git,128,19,downloaded
expo,match-media,https://github.com/expo/match-media.git,123,16,downloaded
Dekoruma,react-native-web-modal,https://github.com/Dekoruma/react-native-web-modal.git,122,41,downloaded
turboninh,react-native-cross-platform-starter,https://github.com/turboninh/react-native-cross-platform-starter.git,120,9,downloaded
react-native-web-community,react-native-web-webview,https://github.com/react-native-web-community/react-native-web-webview.git,117,42,downloaded
drgx,react-native-plus-web,https://github.com/drgx/react-native-plus-web.git,114,30,downloaded
Naturalclar,expo-typescript-starter,https://github.com/Naturalclar/expo-typescript-starter.git,109,19,downloaded
cloudle,ruui,https://github.com/cloudle/ruui.git,109,10,downloaded
ericwooley,react-nativeish,https://github.com/ericwooley/react-nativeish.git,108,7,downloaded
gorhom,react-native-base-ui,https://github.com/gorhom/react-native-base-ui.git,104,8,downloaded
jaredpalmer,reason-react-native-web-example,https://github.com/jaredpalmer/reason-react-native-web-example.git,101,8,downloaded
startupjs,startupjs,https://github.com/startupjs/startupjs.git,85,37,downloaded
criszz77,luna,https://github.com/criszz77/luna.git,85,9,downloaded
react-native-web-community,react-native-web-linear-gradient,https://github.com/react-native-web-community/react-native-web-linear-gradient.git,84,17,downloaded
EvanBacon,icon-builder,https://github.com/EvanBacon/icon-builder.git,81,7,downloaded
peggyrayzis,reactnext-universal-components,https://github.com/peggyrayzis/reactnext-universal-components.git,78,7,downloaded
agrcrobles,react-native-web-workspace,https://github.com/agrcrobles/react-native-web-workspace.git,77,8,downloaded
EvanBacon,Lego-Expo,https://github.com/EvanBacon/Lego-Expo.git,77,9,downloaded
vip-git,react-ssr-advanced-seed,https://github.com/vip-git/react-ssr-advanced-seed.git,76,12,downloaded
s-kris,rey,https://github.com/s-kris/rey.git,67,12,downloaded
agrcrobles,react-native-web-expo-boilerplate,https://github.com/agrcrobles/react-native-web-expo-boilerplate.git,64,12,downloaded
traveloka,react-native-coachmark,https://github.com/traveloka/react-native-coachmark.git,64,26,downloaded
inspmoore,rnw_boilerplate,https://github.com/inspmoore/rnw_boilerplate.git,57,4,downloaded
EvanBacon,react-flappy-bird,https://github.com/EvanBacon/react-flappy-bird.git,60,26,downloaded
inspmoore,rnw_boilerplate_nav,https://github.com/inspmoore/rnw_boilerplate_nav.git,53,7,downloaded
EvanBacon,apple-notes,https://github.com/EvanBacon/apple-notes.git,53,1,downloaded
ozcanzaferayan,react-native-web-template,https://github.com/ozcanzaferayan/react-native-web-template.git,53,8,downloaded
ugglr,react-native-storybook-boilerplate,https://github.com/ugglr/react-native-storybook-boilerplate.git,50,16,downloaded
intergalacticspacehighway,react-native-responsive-query,https://github.com/intergalacticspacehighway/react-native-responsive-query.git,49,3,downloaded
storybookjs,addon-react-native-web,https://github.com/storybookjs/addon-react-native-web.git,45,13,downloaded
MoOx,react-multiversal,https://github.com/MoOx/react-multiversal.git,44,0,downloaded
jottenlips,react-bones,https://github.com/jottenlips/react-bones.git,42,2,downloaded
muskeinsingh,recyclerlistview-gridlayoutprovider,https://github.com/muskeinsingh/recyclerlistview-gridlayoutprovider.git,41,6,downloaded
ItsWendell,emotion-native-extended,https://github.com/ItsWendell/emotion-native-extended.git,41,1,downloaded
sQuiz-2,Core,https://github.com/sQuiz-2/Core.git,40,6,downloaded
axeldelafosse,storybook-rnw-monorepo,https://github.com/axeldelafosse/storybook-rnw-monorepo.git,38,7,downloaded
mohit23x,reanimated-config-visualizer,https://github.com/mohit23x/reanimated-config-visualizer.git,37,1,downloaded
rjerue,react-decision-tree-flow,https://github.com/rjerue/react-decision-tree-flow.git,37,5,downloaded
cawfree,react-native-rotary,https://github.com/cawfree/react-native-rotary.git,35,2,downloaded
mateoguzmana,react-native-fiesta,https://github.com/mateoguzmana/react-native-fiesta.git,35,4,downloaded
web-ridge,react-native-ridge-navigation,https://github.com/web-ridge/react-native-ridge-navigation.git,33,2,downloaded
kanzitelli,rn-bounceable,https://github.com/kanzitelli/rn-bounceable.git,32,2,downloaded
spacemeshos,cosmic,https://github.com/spacemeshos/cosmic.git,32,10,downloaded
IgorBelyayev,React-Native-Local-Resource,https://github.com/IgorBelyayev/React-Native-Local-Resource.git,32,7,downloaded
rameshvishnoi90904,react-native-recycler-listview,https://github.com/rameshvishnoi90904/react-native-recycler-listview.git,29,6,downloaded
tomsoderlund,reactnative-nextjs-template,https://github.com/tomsoderlund/reactnative-nextjs-template.git,29,4,downloaded
gorhom,docusaurus-react-native-plugin,https://github.com/gorhom/docusaurus-react-native-plugin.git,29,1,downloaded
xcarpentier,gifted-chat-web-demo,https://github.com/xcarpentier/gifted-chat-web-demo.git,28,13,downloaded
vivek9patel,CPU-Scheduling-APP-React-Native,https://github.com/vivek9patel/CPU-Scheduling-APP-React-Native.git,27,6,downloaded
EvanBacon,react-native-ink,https://github.com/EvanBacon/react-native-ink.git,28,0,downloaded
dcangulo,react-native-outside-press,https://github.com/dcangulo/react-native-outside-press.git,26,0,downloaded
ElForastero,pulsar-core,https://github.com/ElForastero/pulsar-core.git,26,1,downloaded
Nkzn,react-native-multi-target-sample,https://github.com/Nkzn/react-native-multi-target-sample.git,25,2,downloaded
clayrisser,reactant,https://github.com/clayrisser/reactant.git,25,8,downloaded
EvanBacon,pro-chat,https://github.com/EvanBacon/pro-chat.git,24,6,downloaded
Luffos,rxn-units,https://github.com/Luffos/rxn-units.git,24,0,downloaded
react-native-elements,react-native-elements-storybook,https://github.com/react-native-elements/react-native-elements-storybook.git,24,13,downloaded
funcsio,reanimated.playground,https://github.com/funcsio/reanimated.playground.git,23,0,downloaded
WeTrustPlatform,paramount,https://github.com/WeTrustPlatform/paramount.git,23,7,downloaded
EvanBacon,Expo-Badge,https://github.com/EvanBacon/Expo-Badge.git,22,21,downloaded
pass-culture,pass-culture-app-native,https://github.com/pass-culture/pass-culture-app-native.git,21,13,downloaded
natanelia,razzle-afterjs-redux-rnw-example,https://github.com/natanelia/razzle-afterjs-redux-rnw-example.git,21,4,downloaded
Chandankkrr,google-play-swipe,https://github.com/Chandankkrr/google-play-swipe.git,20,4,downloaded
tanhauhau,react-web-config,https://github.com/tanhauhau/react-web-config.git,20,17,downloaded
CodingItWrong,surely-expo,https://github.com/CodingItWrong/surely-expo.git,19,0,downloaded
EvanBacon,Expo-Flash-List-Demo,https://github.com/EvanBacon/Expo-Flash-List-Demo.git,18,2,downloaded
jakubjafra,react-native-hybrid-storybook,https://github.com/jakubjafra/react-native-hybrid-storybook.git,18,2,downloaded
react-native-elements,create-react-app-example,https://github.com/react-native-elements/create-react-app-example.git,18,11,downloaded
xcarpentier,vitrine,https://github.com/xcarpentier/vitrine.git,17,2,downloaded
flexbox,inspiration-native,https://github.com/flexbox/inspiration-native.git,17,1,downloaded
vemarav,react-native-web-playground,https://github.com/vemarav/react-native-web-playground.git,18,6,downloaded
kevinrodriguez-io,rn-web-workspace,https://github.com/kevinrodriguez-io/rn-web-workspace.git,17,2,downloaded
fachrihawari,universal-app,https://github.com/fachrihawari/universal-app.git,16,1,downloaded
iamhosseindhv,react-native-expo-web,https://github.com/iamhosseindhv/react-native-expo-web.git,16,3,downloaded
saadibrahim,universal-react-app,https://github.com/saadibrahim/universal-react-app.git,15,10,downloaded
mateoguzmana,react-native-clocks,https://github.com/mateoguzmana/react-native-clocks.git,15,1,downloaded
SashenJayathilaka,Deliveroo-Clone,https://github.com/SashenJayathilaka/Deliveroo-Clone.git,15,2,downloaded
EvanBacon,expo-dropbox,https://github.com/EvanBacon/expo-dropbox.git,15,1,downloaded
ef-eng,react-native-swag-toggle,https://github.com/ef-eng/react-native-swag-toggle.git,14,0,downloaded
axeldelafosse,recordpool-universal-ui-poc,https://github.com/axeldelafosse/recordpool-universal-ui-poc.git,14,0,downloaded
blankapp,react-native-template-ui-based,https://github.com/blankapp/react-native-template-ui-based.git,13,7,downloaded
dcangulo,react-native-pkce-challenge,https://github.com/dcangulo/react-native-pkce-challenge.git,13,1,downloaded
misaeldossantos,react-smart-layout,https://github.com/misaeldossantos/react-smart-layout.git,13,1,downloaded
kylerjensen,react-native-font-faces,https://github.com/kylerjensen/react-native-font-faces.git,13,3,downloaded
lusan,antd-boilerplate,https://github.com/lusan/antd-boilerplate.git,13,4,downloaded
cast-bucket,cast-bucket,https://github.com/cast-bucket/cast-bucket.git,12,4,downloaded
dmeehan1968,react-native-web-sketch-boilerplate,https://github.com/dmeehan1968/react-native-web-sketch-boilerplate.git,12,0,downloaded
gablabelle,react-native-web-design-system-starter-kit,https://github.com/gablabelle/react-native-web-design-system-starter-kit.git,12,4,downloaded
gh-viewer,client,https://github.com/gh-viewer/client.git,11,1,downloaded
yukilzw,rn_web,https://github.com/yukilzw/rn_web.git,11,2,downloaded
dannyhw,expo-template-storybook,https://github.com/dannyhw/expo-template-storybook.git,10,3,downloaded
haruelrovix,gitphone,https://github.com/haruelrovix/gitphone.git,10,5,downloaded
EvanBacon,expo-cel-shader,https://github.com/EvanBacon/expo-cel-shader.git,10,0,downloaded
shubhadip,mono-repo-react-native,https://github.com/shubhadip/mono-repo-react-native.git,10,3,downloaded
klazbaba,react-native-form-component,https://github.com/klazbaba/react-native-form-component.git,10,1,downloaded
xcarpentier,clean-archi-boilerplate,https://github.com/xcarpentier/clean-archi-boilerplate.git,8,2,downloaded
zrg-team,base-demo,https://github.com/zrg-team/base-demo.git,9,12,downloaded
kuttim,regg,https://github.com/kuttim/regg.git,9,0,downloaded
NachoJusticia,react-native-web-template,https://github.com/NachoJusticia/react-native-web-template.git,9,3,downloaded
outaTiME,ambito-dolar,https://github.com/outaTiME/ambito-dolar.git,8,0,downloaded
ethanneff,playground-react-native,https://github.com/ethanneff/playground-react-native.git,8,3,downloaded
vemarav,react-native-web-typescript-template,https://github.com/vemarav/react-native-web-typescript-template.git,9,6,downloaded
kilbot,boilerplate,https://github.com/kilbot/boilerplate.git,8,0,downloaded
cawfree,redacted,https://github.com/cawfree/redacted.git,8,1,downloaded
ggunti,rnw-ui-builder,https://github.com/ggunti/rnw-ui-builder.git,7,0,downloaded
Luffos,rxn-input,https://github.com/Luffos/rxn-input.git,7,0,downloaded
traveloka,react-load,https://github.com/traveloka/react-load.git,7,4,downloaded
youedd,react-native-touch-blocker,https://github.com/youedd/react-native-touch-blocker.git,7,0,downloaded
damiaozi,ReactNativeWeb,https://github.com/damiaozi/ReactNativeWeb.git,7,3,downloaded
rmtsrc,react-native-android-ios-web-electron,https://github.com/rmtsrc/react-native-android-ios-web-electron.git,7,1,downloaded
adamweeks,gifbar,https://github.com/adamweeks/gifbar.git,7,1,downloaded
MaastrichtU-IDS,perfect-graph,https://github.com/MaastrichtU-IDS/perfect-graph.git,8,1,downloaded
youedd,rn-nested-text,https://github.com/youedd/rn-nested-text.git,8,0,downloaded
Nestoro,react-new,https://github.com/Nestoro/react-new.git,6,2,downloaded
doganozturk,react-native-web-boilerplate,https://github.com/doganozturk/react-native-web-boilerplate.git,6,2,downloaded
Pranit-Harekar,react-native-web-boilerplate,https://github.com/Pranit-Harekar/react-native-web-boilerplate.git,6,6,downloaded
rizky,matcha,https://github.com/rizky/matcha.git,6,3,downloaded
ethanneff,react-native-web-boilerplate,https://github.com/ethanneff/react-native-web-boilerplate.git,6,1,downloaded
teovillanueva,react-native-tailwindcss,https://github.com/teovillanueva/react-native-tailwindcss.git,6,0,downloaded
mglagola,chartlandia,https://github.com/mglagola/chartlandia.git,6,0,downloaded
jonthomp,react-native-web-expo-lerna-boilerplate,https://github.com/jonthomp/react-native-web-expo-lerna-boilerplate.git,5,1,downloaded
wecanooo,react-native-web-mono-repo,https://github.com/wecanooo/react-native-web-mono-repo.git,5,0,downloaded
Amka78,owl-of-athena,https://github.com/Amka78/owl-of-athena.git,5,1,downloaded
Jekiwijaya,react-native-web-headroom,https://github.com/Jekiwijaya/react-native-web-headroom.git,5,1,downloaded
fwcd,bassment,https://github.com/fwcd/bassment.git,5,0,downloaded
CodingItWrong,firehose-expo,https://github.com/CodingItWrong/firehose-expo.git,5,0,downloaded
heineiuo,react-native-table,https://github.com/heineiuo/react-native-table.git,5,1,downloaded
dohomi,tamagui-kitchen-sink,https://github.com/dohomi/tamagui-kitchen-sink.git,4,2,downloaded
YajanaRao,rn-admin,https://github.com/YajanaRao/rn-admin.git,4,2,downloaded
expo,font-awesome-example,https://github.com/expo/font-awesome-example.git,4,3,downloaded
frekans7,next-rnw-styled,https://github.com/frekans7/next-rnw-styled.git,4,1,downloaded
KEMBL,react-native-shop,https://github.com/KEMBL/react-native-shop.git,4,0,downloaded
haikyuu,rn-credit-card,https://github.com/haikyuu/rn-credit-card.git,5,4,downloaded
fachrihawari,universal-react-template,https://github.com/fachrihawari/universal-react-template.git,4,0,downloaded
UltiRequiem,random-background-app,https://github.com/UltiRequiem/random-background-app.git,5,3,downloaded
efoken,neopop-react-native,https://github.com/efoken/neopop-react-native.git,4,2,downloaded
mateoguzmana,react-native-next-supabase-auth-monorepo,https://github.com/mateoguzmana/react-native-next-supabase-auth-monorepo.git,4,0,downloaded
KentoMoriwaki,react-cross-ui-boilerplate,https://github.com/KentoMoriwaki/react-cross-ui-boilerplate.git,4,1,downloaded
gh-viewer,book,https://github.com/gh-viewer/book.git,3,3,downloaded
dmeehan1968,react-todo,https://github.com/dmeehan1968/react-todo.git,3,0,downloaded
Johnnybar,react-native-gatsby,https://github.com/Johnnybar/react-native-gatsby.git,3,0,downloaded
MostafaTaghipour,rnx-starter-project,https://github.com/MostafaTaghipour/rnx-starter-project.git,3,1,downloaded
haruelrovix,rnw-github,https://github.com/haruelrovix/rnw-github.git,3,3,downloaded
RajeshBatth,RNStaggeredGridView,https://github.com/RajeshBatth/RNStaggeredGridView.git,3,1,downloaded
marcuzgabriel,reanimated-burger-menu,https://github.com/marcuzgabriel/reanimated-burger-menu.git,3,0,downloaded
marcuzgabriel,reanimated-bottom-sheet,https://github.com/marcuzgabriel/reanimated-bottom-sheet.git,3,0,downloaded
jakubjafra,react-native-hybrid-storybook-examples,https://github.com/jakubjafra/react-native-hybrid-storybook-examples.git,3,1,downloaded
iiegor,react-native-interactive,https://github.com/iiegor/react-native-interactive.git,3,0,downloaded
heineiuo,react-native-scrollable-page-view,https://github.com/heineiuo/react-native-scrollable-page-view.git,5,0,downloaded
agrcrobles,redux-form-styled-for-react-native,https://github.com/agrcrobles/redux-form-styled-for-react-native.git,3,1,downloaded
trevwaddell,rnw-starter,https://github.com/trevwaddell/rnw-starter.git,3,0,downloaded
idkjs,reason-react-native-web-and-ios,https://github.com/idkjs/reason-react-native-web-and-ios.git,3,0,downloaded
marquelzikri,rn-nextjs,https://github.com/marquelzikri/rn-nextjs.git,3,1,downloaded
donni106,react-native-playground-app,https://github.com/donni106/react-native-playground-app.git,2,1,downloaded
StarBem,react-native-starsystem,https://github.com/StarBem/react-native-starsystem.git,2,0,downloaded
creaworks-labs,yoga-css,https://github.com/creaworks-labs/yoga-css.git,2,0,downloaded
CarlosBalladares,native-theme,https://github.com/CarlosBalladares/native-theme.git,2,1,downloaded
jonatns,twitter-profile,https://github.com/jonatns/twitter-profile.git,2,1,downloaded
steedos,steedos-notification-center,https://github.com/steedos/steedos-notification-center.git,2,2,downloaded
omarlahkim,Lost-Found-Client,https://github.com/omarlahkim/Lost-Found-Client.git,2,0,downloaded
SimpleSubs,mobile-app,https://github.com/SimpleSubs/mobile-app.git,3,0,downloaded
Eronheit,monorepo,https://github.com/Eronheit/monorepo.git,2,0,downloaded
varunon9,react-native-web-scrollable-tab-view,https://github.com/varunon9/react-native-web-scrollable-tab-view.git,2,2,downloaded
EthicDevs,metro-webpack-react-native-web-babel-preset,https://github.com/EthicDevs/metro-webpack-react-native-web-babel-preset.git,2,0,downloaded
SimpleSubs,mobile-app,https://github.com/SimpleSubs/mobile-app.git,3,0,downloaded
Eronheit,monorepo,https://github.com/Eronheit/monorepo.git,2,0,downloaded
inthepocket,react-shared-component-library-demo,https://github.com/inthepocket/react-shared-component-library-demo.git,2,0,downloaded
usmansbk,sequelize-graphql-server-mobile-client,https://github.com/usmansbk/sequelize-graphql-server-mobile-client.git,2,1,downloaded
JijoBose,fun-projects,https://github.com/JijoBose/fun-projects.git,2,0,downloaded
adl32x,boilerplate-react-native-web-parcel,https://github.com/adl32x/boilerplate-react-native-web-parcel.git,2,1,downloaded
Mukhammadali,react-native-monorepo,https://github.com/Mukhammadali/react-native-monorepo.git,2,0,downloaded
parsa-ra,react-native-personal-website,https://github.com/parsa-ra/react-native-personal-website.git,2,0,downloaded
chr314,react-native-neumorphism,https://github.com/chr314/react-native-neumorphism.git,4,3,downloaded
nedredmond,saving-throws,https://github.com/nedredmond/saving-throws.git,2,0,downloaded
iwano,universal-react-client-starter,https://github.com/iwano/universal-react-client-starter.git,2,0,downloaded
RXReactNative,react-native-rxemitter,https://github.com/RXReactNative/react-native-rxemitter.git,2,0,downloaded
weifxn,eduhack-2019,https://github.com/weifxn/eduhack-2019.git,2,0,downloaded
efoken,md3-ui,https://github.com/efoken/md3-ui.git,2,0,downloaded
kasajei,RNAppWeb,https://github.com/kasajei/RNAppWeb.git,1,0,downloaded
mateoguzmana,react-native-next-monorepo,https://github.com/mateoguzmana/react-native-next-monorepo.git,1,1,downloaded
sivarajng,react-native-playground,https://github.com/sivarajng/react-native-playground.git,1,0,downloaded
blankapp,ui-example-uiexplorer,https://github.com/blankapp/ui-example-uiexplorer.git,1,0,downloaded
idkjs,reason-react-native-web-template,https://github.com/idkjs/reason-react-native-web-template.git,1,0,downloaded
one-aalam,gyza,https://github.com/one-aalam/gyza.git,1,0,downloaded
adambrodin,expo-nextjs-turborepo,https://github.com/adambrodin/expo-nextjs-turborepo.git,3,1,downloaded
Bounceapp,lottie,https://github.com/Bounceapp/lottie.git,1,0,downloaded
brendan-ch,clockwise,https://github.com/brendan-ch/clockwise.git,1,0,downloaded
mohamedsamara,expo-web-starter,https://github.com/mohamedsamara/expo-web-starter.git,1,0,downloaded
includeamin,vscode-raspberrypi-remote,https://github.com/includeamin/vscode-raspberrypi-remote.git,1,0,downloaded
allistertr,to-do-list-challenge-frontend,https://github.com/allistertr/to-do-list-challenge-frontend.git,1,0,downloaded
fjmillman,expo-nextjs-storybook,https://github.com/fjmillman/expo-nextjs-storybook.git,1,0,downloaded
Jekiwijaya,react-native-web-page-state,https://github.com/Jekiwijaya/react-native-web-page-state.git,1,1,downloaded
hushicai,UniversalApp,https://github.com/hushicai/UniversalApp.git,1,0,downloaded
artdevgame,budgie,https://github.com/artdevgame/budgie.git,1,0,downloaded
ballboyapp,ballboy_rn,https://github.com/ballboyapp/ballboy_rn.git,1,0,downloaded
Mr-try,cross-platform,https://github.com/Mr-try/cross-platform.git,1,0,downloaded
RXReactNative,react-native-rxsegment,https://github.com/RXReactNative/react-native-rxsegment.git,1,0,downloaded
FlourishHealth,ferns-ui,https://github.com/FlourishHealth/ferns-ui.git,1,0,downloaded
t1amat9409,react-day-view-progress,https://github.com/t1amat9409/react-day-view-progress.git,1,0,downloaded
yuhsak,react-native-style-shorthand,https://github.com/yuhsak/react-native-style-shorthand.git,1,0,downloaded
anandzhang,react-native-web-example,https://github.com/anandzhang/react-native-web-example.git,1,0,downloaded
cowlingj,MultiPlatformStockTracker,https://github.com/cowlingj/MultiPlatformStockTracker.git,1,0,downloaded
esafirm,Repo,https://github.com/esafirm/Repo.git,1,0,downloaded
x0s3,fullChuck,https://github.com/x0s3/fullChuck.git,1,0,downloaded
Satyam52,RN-coronatracker,https://github.com/Satyam52/RN-coronatracker.git,1,0,downloaded
Fritola,pwa-react-native,https://github.com/Fritola/pwa-react-native.git,1,0,downloaded
lcameroon,react-and-react-native-ts-app,https://github.com/lcameroon/react-and-react-native-ts-app.git,1,0,downloaded
chanonroy,expo-universal-app,https://github.com/chanonroy/expo-universal-app.git,1,0,downloaded
cheshirecode,react-native-to-web,https://github.com/cheshirecode/react-native-to-web.git,1,0,downloaded
tclain,react-native-prototyping-boilerplate,https://github.com/tclain/react-native-prototyping-boilerplate.git,1,0,downloaded
Bebersohl,react-native-web-starter,https://github.com/Bebersohl/react-native-web-starter.git,1,1,downloaded
rnkids,rnkids.github.io,https://github.com/rnkids/rnkids.github.io.git,1,0,downloaded
SyysBiir,memory-training-game,https://github.com/SyysBiir/memory-training-game.git,2,0,downloaded
Vukan-Markovic,CRM,https://github.com/Vukan-Markovic/CRM.git,1,0,downloaded
aleedmanath,reajure-js,https://github.com/aleedmanath/reajure-js.git,0,0,downloaded
ecreeth,react-native-web-example,https://github.com/ecreeth/react-native-web-example.git,1,0,downloaded
Elijen,react-native-web-stack,https://github.com/Elijen/react-native-web-stack.git,1,0,downloaded
RaphaelGimenez,rnw-design-system,https://github.com/RaphaelGimenez/rnw-design-system.git,1,0,downloaded
RXReactNative,react-native-rxdialog,https://github.com/RXReactNative/react-native-rxdialog.git,1,0,downloaded
TanmayJain33,RNTSMovieApp,https://github.com/TanmayJain33/RNTSMovieApp.git,1,0,downloaded
scott108,simple-react-native-web-template,https://github.com/scott108/simple-react-native-web-template.git,1,0,downloaded
stringparser,expo-jest-typescript,https://github.com/stringparser/expo-jest-typescript.git,1,1,downloaded
LeoDupont,booxmarkx,https://github.com/LeoDupont/booxmarkx.git,1,0,downloaded
zrwusa,react-native-web-bunny,https://github.com/zrwusa/react-native-web-bunny.git,1,0,downloaded
hisasann,hisasann.dev,https://github.com/hisasann/hisasann.dev.git,1,0,downloaded
runtothedoor,rotating-cube-demo-babylon-rxn,https://github.com/runtothedoor/rotating-cube-demo-babylon-rxn.git,1,1,downloaded
Blue-learn,design-component,https://github.com/Blue-learn/design-component.git,1,0,downloaded
softspiders,react-native-web-ts,https://github.com/softspiders/react-native-web-ts.git,1,0,downloaded
HorusGoul,remix-react-native-pressable,https://github.com/HorusGoul/remix-react-native-pressable.git,4,0,downloaded
ounceofsilver,is-it-shabbat,https://github.com/ounceofsilver/is-it-shabbat.git,1,0,downloaded
efichot,react-native-web,https://github.com/efichot/react-native-web.git,1,0,downloaded
chr314,react-native-tab-view-easy,https://github.com/chr314/react-native-tab-view-easy.git,1,0,downloaded
Only-IceSoul,react-native-blurview,https://github.com/Only-IceSoul/react-native-blurview.git,1,0,downloaded
yamankatby,react-native-everywhere,https://github.com/yamankatby/react-native-everywhere.git,1,0,downloaded
nicolaslazzos,react-native-skeleton,https://github.com/nicolaslazzos/react-native-skeleton.git,1,0,downloaded
eltonlazzarin,pwa-expo,https://github.com/eltonlazzarin/pwa-expo.git,1,0,downloaded
amangalvedhekar,address-book-native-web,https://github.com/amangalvedhekar/address-book-native-web.git,1,0,downloaded
MayaSaringan,valheim-food,https://github.com/MayaSaringan/valheim-food.git,1,0,downloaded
w10036w,cross-platform-react-starter,https://github.com/w10036w/cross-platform-react-starter.git,0,0,downloaded
FiberJW,pic2pal,https://github.com/FiberJW/pic2pal.git,0,1,downloaded
poby123,my-mooc,https://github.com/poby123/my-mooc.git,0,0,downloaded
sanengineer,pokedex-web-app,https://github.com/sanengineer/pokedex-web-app.git,0,0,downloaded
Ryan-R-C,Computer-React-Native-App,https://github.com/Ryan-R-C/Computer-React-Native-App.git,0,0,downloaded
Aetherspace,green-stack-starter-demo,https://github.com/Aetherspace/green-stack-starter-demo.git,0,0,downloaded
ymzuiku,react-native-web-cli,https://github.com/ymzuiku/react-native-web-cli.git,0,0,downloaded
cawfree,react-pretty-wires,https://github.com/cawfree/react-pretty-wires.git,0,0,downloaded
jalpp,CommentsApp,https://github.com/jalpp/CommentsApp.git,1,0,downloaded
ardasatata,rn-card-game,https://github.com/ardasatata/rn-card-game.git,0,0,downloaded
anatoly-kulishov,rn-self-posts-app,https://github.com/anatoly-kulishov/rn-self-posts-app.git,0,0,downloaded
lbluigi,rn-web-app-demo,https://github.com/lbluigi/rn-web-app-demo.git,0,0,downloaded
gidikraft,LendigoNews,https://github.com/gidikraft/LendigoNews.git,0,0,downloaded
Aftabnack,resume,https://github.com/Aftabnack/resume.git,0,0,downloaded
aligos,rnw-dazai-quotes,https://github.com/aligos/rnw-dazai-quotes.git,0,0,downloaded
clayrisser,reaction-build,https://github.com/clayrisser/reaction-build.git,0,1,downloaded
barajs,bara-react-icons,https://github.com/barajs/bara-react-icons.git,0,0,downloaded
jferrer,react-cross-platform-demo,https://github.com/jferrer/react-cross-platform-demo.git,0,0,downloaded
nickbouldien,tiempo-forecast,https://github.com/nickbouldien/tiempo-forecast.git,0,0,downloaded
trikanna,ReactNativeAndWeb,https://github.com/trikanna/ReactNativeAndWeb.git,0,0,downloaded
bnussman,pepper,https://github.com/bnussman/pepper.git,0,0,downloaded
rickyphan,react-native-web-typescript-setup,https://github.com/rickyphan/react-native-web-typescript-setup.git,0,0,downloaded
nicolaslazzos,react-native-package-dev,https://github.com/nicolaslazzos/react-native-package-dev.git,0,0,downloaded
jsuraj,hpdoc,https://github.com/jsuraj/hpdoc.git,0,0,downloaded
iwag,react-native-web-sandbox,https://github.com/iwag/react-native-web-sandbox.git,0,0,downloaded
cheshirecode,rn-web-fake-endpoint,https://github.com/cheshirecode/rn-web-fake-endpoint.git,0,0,downloaded
briantam23,react-native-web-practice,https://github.com/briantam23/react-native-web-practice.git,0,0,downloaded
rohangaikwad,react-native-scientific-calculator,https://github.com/rohangaikwad/react-native-scientific-calculator.git,0,3,downloaded
venkata-hari,vaaveproject,https://github.com/venkata-hari/vaaveproject.git,0,0,downloaded
unindented,twitch-player,https://github.com/unindented/twitch-player.git,0,1,downloaded
ricardochaves,react-native-web-hello,https://github.com/ricardochaves/react-native-web-hello.git,0,0,downloaded
kastorcode,nihongo-idioms-frontend-react-native,https://github.com/kastorcode/nihongo-idioms-frontend-react-native.git,0,0,downloaded
sakiko-2,advice-generator-react-native-web,https://github.com/sakiko-2/advice-generator-react-native-web.git,0,0,downloaded
numarco,react-native-web-boilerplate,https://github.com/numarco/react-native-web-boilerplate.git,0,1,downloaded
OzymandiasTheGreat,kitchen.tomasrav.me,https://github.com/OzymandiasTheGreat/kitchen.tomasrav.me.git,0,0,downloaded
pauromeropau,appointment-app,https://github.com/pauromeropau/appointment-app.git,0,0,downloaded
jvanleeuwen,react-native-web-hn,https://github.com/jvanleeuwen/react-native-web-hn.git,0,0,downloaded
Balasnest,react-native-web-poc,https://github.com/Balasnest/react-native-web-poc.git,0,0,downloaded
bhusallaxman22,ShowslistApp,https://github.com/bhusallaxman22/ShowslistApp.git,0,0,downloaded
reime005,mariusreimer.com,https://github.com/reime005/mariusreimer.com.git,0,0,downloaded
dopenative,dopenative,https://github.com/dopenative/dopenative.git,0,3,downloaded
opaulojunqueira,weather-react-native,https://github.com/opaulojunqueira/weather-react-native.git,0,0,downloaded
RXReactNative,react-native-rxinput,https://github.com/RXReactNative/react-native-rxinput.git,0,0,downloaded
aarich,predictions-rn,https://github.com/aarich/predictions-rn.git,0,0,downloaded
danieljameschadwick,react-native-web-expo-monorepo-template,https://github.com/danieljameschadwick/react-native-web-expo-monorepo-template.git,0,0,downloaded
leeran88,react-native-web-demo,https://github.com/leeran88/react-native-web-demo.git,0,0,downloaded
fachrihawari,universal-github-app,https://github.com/fachrihawari/universal-github-app.git,0,0,downloaded
MerelyServices,MerelyMusic,https://github.com/MerelyServices/MerelyMusic.git,0,0,downloaded
huuquyet,MinimalTodoApp,https://github.com/huuquyet/MinimalTodoApp.git,0,0,downloaded
alpercitak,nx-reactnative-docker,https://github.com/alpercitak/nx-reactnative-docker.git,0,0,downloaded
venkatb4u,react-native-redux-saga-boilerplate,https://github.com/venkatb4u/react-native-redux-saga-boilerplate.git,0,0,downloaded
youedd,motifiables,https://github.com/youedd/motifiables.git,0,0,downloaded
nicolaslazzos,react-native-responsive-grid,https://github.com/nicolaslazzos/react-native-responsive-grid.git,0,0,downloaded
amarw,WeVote,https://github.com/amarw/WeVote.git,0,0,downloaded
AdamMescher,rollcall-recall,https://github.com/AdamMescher/rollcall-recall.git,0,0,downloaded
iam326,rnw-todo,https://github.com/iam326/rnw-todo.git,0,0,downloaded
machariamuguku,React-Native-SuperHero-Web-App,https://github.com/machariamuguku/React-Native-SuperHero-Web-App.git,0,0,downloaded
kevinnguy,react-client,https://github.com/kevinnguy/react-client.git,0,0,downloaded
ShivamS136,hp-dict-web-demo,https://github.com/ShivamS136/hp-dict-web-demo.git,0,0,downloaded
AminZarei72,react-native-todolist-boilerplate,https://github.com/AminZarei72/react-native-todolist-boilerplate.git,1,0,downloaded
joshgachnang,react-unifier,https://github.com/joshgachnang/react-unifier.git,0,0,downloaded
hamzawaleed0102,monorepo-react-native-and-web,https://github.com/hamzawaleed0102/monorepo-react-native-and-web.git,0,0,downloaded
zhumingcheng697,Rate-My-Classes-Pro,https://github.com/zhumingcheng697/Rate-My-Classes-Pro.git,0,0,downloaded
maherzaidoune,zaidoun.me,https://github.com/maherzaidoune/zaidoun.me.git,0,0,downloaded
well-ington,native-delivery-mockup,https://github.com/well-ington/native-delivery-mockup.git,0,0,downloaded
tettoffensive,react-native-monorepo,https://github.com/tettoffensive/react-native-monorepo.git,0,0,downloaded
lucasnr,ibills,https://github.com/lucasnr/ibills.git,0,0,downloaded
sumitnitsurat,react-native-web-mobile,https://github.com/sumitnitsurat/react-native-web-mobile.git,0,0,downloaded
dawsonbooth,expo-boilerplate,https://github.com/dawsonbooth/expo-boilerplate.git,0,0,downloaded
RXReactNative,react-native-rx-image-viewer,https://github.com/RXReactNative/react-native-rx-image-viewer.git,0,0,downloaded
felipeflfranca,React-Native-iOS-Android-e-Web,https://github.com/felipeflfranca/React-Native-iOS-Android-e-Web.git,0,0,downloaded
OzymandiasTheGreat,tomasrav.me,https://github.com/OzymandiasTheGreat/tomasrav.me.git,0,0,downloaded
turboninh,next-rnw-styled-components,https://github.com/turboninh/next-rnw-styled-components.git,0,0,downloaded
wcpos,managed-expo,https://github.com/wcpos/managed-expo.git,0,0,downloaded
Bounceapp,iframe,https://github.com/Bounceapp/iframe.git,0,0,downloaded
x0s3,memehub,https://github.com/x0s3/memehub.git,0,0,downloaded
waltermvp,react-native-animated-border,https://github.com/waltermvp/react-native-animated-border.git,0,0,downloaded
prashantLalShrestha,universal-monorepo-with-yarn-workspaces,https://github.com/prashantLalShrestha/universal-monorepo-with-yarn-workspaces.git,0,0,downloaded
runtothedoor,piano-demo-babylon-rxn,https://github.com/runtothedoor/piano-demo-babylon-rxn.git,0,0,downloaded
ManuSekhon,snake-game-RNWeb,https://github.com/ManuSekhon/snake-game-RNWeb.git,0,0,downloaded
marsinearth,decisionmaker-rnw,https://github.com/marsinearth/decisionmaker-rnw.git,0,0,downloaded
pauromeropau,cryptocurrency-app,https://github.com/pauromeropau/cryptocurrency-app.git,0,0,downloaded
omateusamaral,SemanaOmnistack10,https://github.com/omateusamaral/SemanaOmnistack10.git,0,0,downloaded
YajanaRao,simple-component-kit,https://github.com/YajanaRao/simple-component-kit.git,0,0,downloaded
italomlp,test-monorepo-mobile-app,https://github.com/italomlp/test-monorepo-mobile-app.git,0,0,downloaded
ShivamS136,harry-potter-dictionary,https://github.com/ShivamS136/harry-potter-dictionary.git,0,1,downloaded
rickiesmooth,coolcast-client,https://github.com/rickiesmooth/coolcast-client.git,0,0,downloaded
Danish903,react-native-web-with-typescript-boilerplate,https://github.com/Danish903/react-native-web-with-typescript-boilerplate.git,0,0,downloaded
mselmany,jira-report,https://github.com/mselmany/jira-report.git,0,0,downloaded
mselmany,music-player,https://github.com/mselmany/music-player.git,0,0,downloaded
SaschaWebDev,react-native-web-workout-scheduler,https://github.com/SaschaWebDev/react-native-web-workout-scheduler.git,0,0,downloaded
marinakinalone,react-native-calculator,https://github.com/marinakinalone/react-native-calculator.git,0,0,downloaded
Taym95,react-native-web-audio-player,https://github.com/Taym95/react-native-web-audio-player.git,0,0,downloaded
sankar2389,monorepo,https://github.com/sankar2389/monorepo.git,0,0,downloaded
ameernormie,first-flight-react-native-web,https://github.com/ameernormie/first-flight-react-native-web.git,0,0,downloaded
e5kimol4ser,destiny,https://github.com/e5kimol4ser/destiny.git,0,0,downloaded
n3xrodrigo,react-native-track-player-web,https://github.com/n3xrodrigo/react-native-track-player-web.git,0,0,downloaded
nicolaslazzos,react-native-next,https://github.com/nicolaslazzos/react-native-next.git,0,1,downloaded
pauromeropau,layouts-react-native,https://github.com/pauromeropau/layouts-react-native.git,0,0,downloaded
shubhadip,react-native-web-storybook-boilerplate,https://github.com/shubhadip/react-native-web-storybook-boilerplate.git,0,1,downloaded
PolarisTLX,ReactNativeMobXNavigationHooksTypescript,https://github.com/PolarisTLX/ReactNativeMobXNavigationHooksTypescript.git,0,0,downloaded
Anupamchap,react_user_profile,https://github.com/Anupamchap/react_user_profile.git,0,0,downloaded
matheusroberson,Monorepo,https://github.com/matheusroberson/Monorepo.git,0,0,downloaded
rina-mercury,rn-template-with-nav,https://github.com/rina-mercury/rn-template-with-nav.git,0,0,downloaded
my-improvement,fruits_app,https://github.com/my-improvement/fruits_app.git,0,0,downloaded
RXReactNative,react-native-rxpicker,https://github.com/RXReactNative/react-native-rxpicker.git,0,0,downloaded
CodeLikeAGirl29,toyota-app,https://github.com/CodeLikeAGirl29/toyota-app.git,0,0,downloaded
